"[run number]","r","step-size","num","rw-type","[step]","ticks-till-border","max-diff-msd","mean-displacement"
"6","0","1","55","deterministic","7699","101","89.99999999999999","11.418068589804179"
"5","0","1","55","deterministic","9649","101","90.00000000000003","12.479004214439339"
"4","0","1","50","deterministic","11279","101","90","3.7071622123629027"
"3","0","1","50","deterministic","10508","101","89.99999999999999","10.739145613970429"
"2","0","1","50","deterministic","11004","101","90","5.724182877483323"
"7","0","1","55","deterministic","8109","101","89.99999999999999","8.338506119762215"
"8","0","1","55","deterministic","7750","101","89.99999999999999","9.067002414754882"
"10","0","1","60","deterministic","8059","101","89.99999999999999","11.64667882670142"
"11","0","1","60","deterministic","6795","101","90","6.9630809315513575"
"1","0","1","50","deterministic","11657","101","89.99999999999997","6.894579406370859"
"9","0","1","60","deterministic","8934","101","90.00000000000001","8.794441050564958"
"12","0","1","60","deterministic","8981","101","90.00000000000001","2.4195350972164"
"13","0","1","65","deterministic","8572","101","89.99999999999999","6.904221075887088"
"14","0","1","65","deterministic","8411","101","89.99999999999999","4.492750121113368"
"17","0","1","70","deterministic","6500","101","90.00000000000001","5.323109272033687"
"15","0","1","65","deterministic","8843","101","90.00000000000001","2.665109093666168"
"18","0","1","70","deterministic","7966","101","89.99999999999999","9.180399314852133"
"20","0","1","70","deterministic","6374","101","90","9.86476803356059"
"21","0","1","75","deterministic","6445","101","89.99999999999999","4.961883455601079"
"19","0","1","70","deterministic","7304","101","90","6.421577175329537"
"22","0","1","75","deterministic","6352","101","90.00000000000001","1.8618957834969603"
"16","0","1","65","deterministic","9119","101","89.99999999999999","6.330838729816267"
"25","0","1","80","deterministic","6272","101","89.99999999999999","8.642918343902842"
"26","0","1","80","deterministic","6956","101","89.99999999999999","7.292326991837948"
"24","0","1","75","deterministic","7151","101","90","3.892792194401879"
"27","0","1","80","deterministic","6822","101","90.00000000000001","9.535753597842012"
"23","0","1","75","deterministic","7213","101","90.00000000000001","4.852554361957258"
"28","0","1","80","deterministic","6507","101","90","5.388776275598394"
"29","0","1","85","deterministic","5600","101","90.00000000000001","2.625496633705266"
"30","0","1","85","deterministic","6374","101","89.99999999999999","6.227999374864038"
"31","0","1","85","deterministic","6296","101","89.99999999999999","6.145070526266752"
"33","0","1","90","deterministic","5641","101","90.00000000000001","12.736863659111181"
"32","0","1","85","deterministic","6839","101","90","6.435121894480636"
"37","0","1","95","deterministic","4849","101","90","9.216660302004618"
"36","0","1","90","deterministic","6711","101","90.00000000000001","8.555360718245035"
"35","0","1","90","deterministic","6077","101","89.99999999999999","3.98140294260112"
"34","0","1","90","deterministic","6941","101","89.99999999999999","7.716324494876745"
"38","0","1","95","deterministic","5368","101","90","13.230880986174045"
"39","0","1","95","deterministic","5863","101","90.00000000000001","11.417219003472798"
"41","0","1","100","deterministic","4500","101","90.00000000000001","4.562406008580501"
"42","0","1","100","deterministic","4372","101","90.00000000000001","8.991938342222516"
"44","0","1","100","deterministic","4716","101","90.00000000000001","2.0773309992253677"
"40","0","1","95","deterministic","6114","101","89.99999999999999","14.22121539429577"
"45","0","1","105","deterministic","5138","101","90","8.605198550581967"
"47","0","1","105","deterministic","4726","101","90","13.046830568721427"
"46","0","1","105","deterministic","5350","101","90","8.3555696287851"
"43","0","1","100","deterministic","7236","101","89.99999999999999","1.1646049958559352"
"49","0","1","110","deterministic","4685","101","90","5.35682924673529"
"48","0","1","105","deterministic","5779","101","89.99999999999999","14.75648345957232"
"51","0","1","110","deterministic","4965","101","90","5.990982708953986"
"52","0","1","110","deterministic","4791","101","90.00000000000001","9.514936117248793"
"50","0","1","110","deterministic","6139","101","90.00000000000001","11.831361690129823"
"53","0","1","115","deterministic","4933","101","89.99999999999999","8.884688140421082"
"55","0","1","115","deterministic","4237","101","89.99999999999999","10.841949422606795"
"56","0","1","115","deterministic","4466","101","90.00000000000001","14.497707281411516"
"57","0","1","120","deterministic","4125","101","90","6.0703414147930985"
"54","0","1","115","deterministic","5938","101","90","9.386667971679774"
"58","0","1","120","deterministic","4577","101","90","4.9347969752589655"
"59","0","1","120","deterministic","4607","101","90.00000000000001","11.710157821515988"
"60","0","1","120","deterministic","5553","101","89.99999999999999","6.914325114490147"
"61","0","1","125","deterministic","5042","101","90.00000000000001","6.000937185222446"
"62","0","1","125","deterministic","5465","101","90","13.393867855354504"
"63","0","1","125","deterministic","5086","101","90","8.583090234007384"
"64","0","1","125","deterministic","4185","101","90.00000000000001","2.309406220928594"
"66","0","1","130","deterministic","4014","101","89.99999999999999","8.60126264424491"
"67","0","1","130","deterministic","3762","101","89.99999999999999","2.9795576418043748"
"68","0","1","130","deterministic","4103","101","90.00000000000001","3.394959982420758"
"69","0","1","135","deterministic","3827","101","90.00000000000001","6.024561098950751"
"65","0","1","130","deterministic","4745","101","90","9.016246843897823"
"70","0","1","135","deterministic","4823","101","90","8.81940087116606"
"71","0","1","135","deterministic","3893","101","90","8.055954801270587"
"72","0","1","135","deterministic","4757","101","90.00000000000001","8.330646698047198"
"73","0","1","140","deterministic","4257","101","90","10.07022909322048"
"74","0","1","140","deterministic","4131","101","89.99999999999999","9.921863760312682"
"76","0","1","140","deterministic","3973","101","90.00000000000001","11.13242821376059"
"77","0","1","145","deterministic","3972","101","90.00000000000001","4.859245609138753"
"75","0","1","140","deterministic","4571","101","90","4.293013829652426"
"79","0","1","145","deterministic","3403","101","89.99999999999999","15.040440598097883"
"78","0","1","145","deterministic","4656","101","90","9.505379723304232"
"80","0","1","145","deterministic","3348","101","90","15.661883028239272"
"81","0","1","150","deterministic","3201","101","90.00000000000001","8.7587236506257"
"87","0","1","155","deterministic","2938","101","89.99999999999999","15.84475727978102"
"85","0","1","155","deterministic","3397","101","90","13.922032244121729"
"82","0","1","150","deterministic","4200","101","90","2.1535789425226346"
"83","0","1","150","deterministic","4016","101","89.99999999999999","5.336552844004109"
"84","0","1","150","deterministic","4013","101","90","21.34294946083995"
"86","0","1","155","deterministic","3932","101","90","9.873736362026229"
"88","0","1","155","deterministic","3522","101","89.99999999999999","3.8926131458043045"
"89","0","1","160","deterministic","3313","101","90","10.755909672321462"
"91","0","1","160","deterministic","3813","101","89.99999999999999","4.419500566903603"
"90","0","1","160","deterministic","3642","101","89.99999999999999","13.869411499549951"
"93","0","1","165","deterministic","3990","101","90.00000000000001","6.892166068617648"
"92","0","1","160","deterministic","4745","101","90","8.35673005383911"
"94","0","1","165","deterministic","3424","101","89.99999999999999","5.274882446960719"
"95","0","1","165","deterministic","3819","101","90","11.71691761362889"
"96","0","1","165","deterministic","3210","101","90","11.95832950863008"
"97","0","1","170","deterministic","3420","101","90","17.725112881371118"
"101","0","1","175","deterministic","2703","101","90","22.731305822021614"
"100","0","1","170","deterministic","3522","101","89.99999999999999","6.820588550693517"
"99","0","1","170","deterministic","4065","101","90","22.482508242209764"
"98","0","1","170","deterministic","3964","101","90","4.818758059713402"
"103","0","1","175","deterministic","2957","101","90.00000000000001","7.953438548577605"
"102","0","1","175","deterministic","3158","101","90.00000000000001","22.962818433268435"
"105","0","1","180","deterministic","3529","101","90","12.580024212519797"
"107","0","1","180","deterministic","2725","101","90","4.0172463483025505"
"106","0","1","180","deterministic","3395","101","90","13.70853574344414"
"108","0","1","180","deterministic","3614","101","90","19.837906534735843"
"104","0","1","175","deterministic","4131","101","90","13.589664884058411"
"111","0","1","185","deterministic","2703","101","90","21.739372803294764"
"109","0","1","185","deterministic","3493","101","90.00000000000001","6.471008098673135"
"110","0","1","185","deterministic","3093","101","90","5.151621555083735"
"112","0","1","185","deterministic","2811","101","90","2.561154905373261"
"113","0","1","190","deterministic","2665","101","90","7.233182197212991"
"115","0","1","190","deterministic","3364","101","89.99999999999999","22.852381899213718"
"116","0","1","190","deterministic","2880","101","90.00000000000001","10.039907125158178"
"114","0","1","190","deterministic","3391","101","90.00000000000001","16.84665210240571"
"117","0","1","195","deterministic","2921","101","90","8.22034682512001"
"118","0","1","195","deterministic","2919","101","90","14.99016703458989"
"122","0","1","200","deterministic","3131","101","90","7.502888860872283"
"121","0","1","200","deterministic","2839","101","90.00000000000001","16.099377872028548"
"120","0","1","195","deterministic","2941","101","90","11.586201200328594"
"123","0","1","200","deterministic","2998","101","89.99999999999999","17.74205829772313"
"119","0","1","195","deterministic","3765","101","90","32.084985359347236"
"124","0","1","200","deterministic","2941","101","90.00000000000001","20.890156167567508"
"127","0","1","205","deterministic","2322","101","89.99999999999999","13.14255550426604"
"125","0","1","205","deterministic","2682","101","90","11.098038374854827"
"129","0","1","210","deterministic","2800","101","90.00000000000001","16.43522057780639"
"126","0","1","205","deterministic","3436","101","90","2.8171298577522985"
"130","0","1","210","deterministic","2814","101","90","16.24243285437098"
"128","0","1","205","deterministic","4121","101","90","22.7184972716827"
"131","0","1","210","deterministic","3332","101","90.00000000000001","5.9934114240406835"
"133","0","1","215","deterministic","2609","101","90","16.987713187296226"
"132","0","1","210","deterministic","2998","101","90","8.431135047741039"
"134","0","1","215","deterministic","2463","101","90","8.9246058076262"
"135","0","1","215","deterministic","2998","101","90.00000000000001","11.948334314505365"
"136","0","1","215","deterministic","2765","101","90","9.022787968766751"
"137","0","1","220","deterministic","2998","101","90","7.100514173734293"
"138","0","1","220","deterministic","2919","101","90","7.513787723370199"
"140","0","1","220","deterministic","2705","101","90.00000000000001","11.45433792309319"
"139","0","1","220","deterministic","2871","101","90","11.100634252070677"
"141","0","1","225","deterministic","2519","101","90","16.537251832462903"
"142","0","1","225","deterministic","2768","101","89.99999999999999","10.553367510933718"
"143","0","1","225","deterministic","3131","101","90","8.829114908925206"
"144","0","1","225","deterministic","2654","101","90","11.98470578435597"
"145","0","1","230","deterministic","2532","101","90","9.435487478315242"
"146","0","1","230","deterministic","2998","101","90.00000000000001","12.600450769753902"
"147","0","1","230","deterministic","2903","101","90","17.36389834458514"
"148","0","1","230","deterministic","2811","101","90","6.168610026467422"
"150","0","1","235","deterministic","2545","101","90","16.466653944735455"
"151","0","1","235","deterministic","2670","101","90","6.526048579281645"
"149","0","1","235","deterministic","2785","101","90","21.833269024373084"
"152","0","1","235","deterministic","2436","101","90.00000000000001","8.04047765616057"
"153","0","1","240","deterministic","2620","101","90","13.17643376950189"
"154","0","1","240","deterministic","2668","101","90","5.617553023429902"
"157","0","1","245","deterministic","1944","101","90.00000000000001","8.092663969943617"
"155","0","1","240","deterministic","2649","101","90","2.9340897158088746"
"156","0","1","240","deterministic","2512","101","90.00000000000001","8.77161544057664"
"158","0","1","245","deterministic","2367","101","90","15.92061389380281"
"159","0","1","245","deterministic","3178","101","89.99999999999999","15.490579817760809"
"160","0","1","245","deterministic","3219","101","90","20.386659761023566"
"161","0","1","250","deterministic","2694","101","90","10.097548040653946"
"163","0","1","250","deterministic","2464","101","90","9.306528063109859"
"162","0","1","250","deterministic","2922","101","90","8.323340876514361"
"164","0","1","250","deterministic","2720","101","90","28.701809848933706"
"165","0","1","255","deterministic","2800","101","90","12.608046141495704"
"166","0","1","255","deterministic","2237","101","90.00000000000001","24.572145574046036"
"167","0","1","255","deterministic","2806","101","89.99999999999999","19.534876760766334"
"170","0","1","260","deterministic","2076","101","90","15.407646126628176"
"169","0","1","260","deterministic","2554","101","90.00000000000001","11.00968267981863"
"168","0","1","255","deterministic","2749","101","90","16.256153003942867"
"172","0","1","260","deterministic","2436","101","90","10.126550871216148"
"171","0","1","260","deterministic","3072","101","90","9.129761930891547"
"173","0","1","265","deterministic","2520","101","90","1.661666660888678"
"174","0","1","265","deterministic","2485","101","90","14.949355020770895"
"176","0","1","265","deterministic","2201","101","89.99999999999999","4.768995578693802"
"177","0","1","270","deterministic","2292","101","90","26.00831270118151"
"175","0","1","265","deterministic","3039","101","90","9.183147835350884"
"178","0","1","270","deterministic","2732","101","90","5.211492742762483"
"180","0","1","270","deterministic","2217","101","90.00000000000001","8.604931233014193"
"179","0","1","270","deterministic","2399","101","90","16.01441409630685"
"181","0","1","275","deterministic","2361","101","90","7.026611335258996"
"182","0","1","275","deterministic","2547","101","90","6.573702566135193"
"183","0","1","275","deterministic","2479","101","90","23.386840193551553"
"186","0","1","280","deterministic","2084","101","90","3.495888102951147"
"185","0","1","280","deterministic","2037","101","90","14.977568429849468"
"187","0","1","280","deterministic","2089","101","90","0.71404084445127"
"184","0","1","275","deterministic","3201","101","90","10.14088092576618"
"188","0","1","280","deterministic","2263","101","90","9.522507305485561"
"189","0","1","285","deterministic","2345","101","90","19.839279470881596"
"190","0","1","285","deterministic","2408","101","90","17.772713085962227"
"192","0","1","285","deterministic","2156","101","90","11.63237359471916"
"191","0","1","285","deterministic","2998","101","90","14.30068868119959"
"193","0","1","290","deterministic","2207","101","90","11.560945035235957"
"194","0","1","290","deterministic","2305","101","90","6.004832416603376"
"195","0","1","290","deterministic","2147","101","90","11.278657531780146"
"196","0","1","290","deterministic","2436","101","90","10.035604184896371"
"199","0","1","295","deterministic","2436","101","89.99999999999999","6.98622361607848"
"200","0","1","295","deterministic","2222","101","90","2.5282972631664493"
"198","0","1","295","deterministic","2609","101","89.99999999999999","13.407381181106564"
"201","0","1","300","deterministic","2420","101","90","4.320213260762782"
"202","0","1","300","deterministic","2099","101","90","21.328072038360233"
"197","0","1","295","deterministic","2949","101","90","33.495181027215956"
"203","0","1","300","deterministic","2247","101","90","22.522994415649332"
"207","1","1","50","deterministic","8421","170","22.274011935463832","2.7834046320088004"
"205","1","1","50","deterministic","9206","127","14.636945347953242","8.207949676442295"
"204","0","1","300","deterministic","2632","101","90","8.553903096535313"
"206","1","1","50","deterministic","10686","125","14.935448924459203","3.325000828204109"
"208","1","1","50","deterministic","8254","402","45.791593533677286","7.9631935726197005"
"209","1","1","55","deterministic","7672","116","13.682711068709636","5.289057014967571"
"212","1","1","55","deterministic","8409","480","56.46839003597141","5.390871550768485"
"210","1","1","55","deterministic","7750","114","18.860921682011853","8.352121371647131"
"211","1","1","55","deterministic","9575","111","13.968983513843499","5.8748727031823025"
"213","1","1","60","deterministic","8091","543","64.7635302483846","8.273872484260782"
"214","1","1","60","deterministic","7993","470","55.14328260821047","9.063319714461546"
"216","1","1","60","deterministic","6917","402","46.20934569352991","15.587530260986968"
"217","1","1","65","deterministic","6195","118","18.69627091197669","11.313575497027408"
"215","1","1","60","deterministic","7905","481","56.44442343671449","10.14317331194999"
"219","1","1","65","deterministic","7244","134","16.80323850400948","5.339067697037017"
"220","1","1","65","deterministic","6737","101","11.234987612412649","4.054955812217101"
"221","1","1","70","deterministic","7529","118","12.267830868270353","10.14657187773847"
"223","1","1","70","deterministic","6213","493","58.085669970481526","9.202482869018564"
"222","1","1","70","deterministic","7059","138","17.075205028732473","7.4634379920970355"
"224","1","1","70","deterministic","7158","120","12.781618476663","15.295698928870362"
"218","1","1","65","deterministic","9373","115","15.547000221568908","6.051109275162749"
"225","1","1","75","deterministic","5902","101","10.656399382496225","14.092587818023324"
"227","1","1","75","deterministic","5728","551","65.60663897520071","9.448149878064774"
"226","1","1","75","deterministic","6918","587","70.18052737031392","11.266203403116732"
"228","1","1","75","deterministic","7678","107","16.994234611023334","9.067167168460603"
"229","1","1","80","deterministic","5659","129","13.707932167400893","7.775520549092079"
"231","1","1","80","deterministic","5614","162","18.22174848696504","10.922813883229878"
"230","1","1","80","deterministic","6675","468","54.91570773887776","15.910704465996904"
"233","1","1","85","deterministic","5593","111","11.768789779628937","19.777380080337142"
"232","1","1","80","deterministic","6843","499","59.56955373096048","6.299882966394519"
"234","1","1","85","deterministic","4864","117","11.831640203865133","12.200869026116491"
"236","1","1","85","deterministic","5643","434","50.08895370812712","2.6155805633406546"
"237","1","1","90","deterministic","5929","126","15.160318434232778","7.393435878344658"
"239","1","1","90","deterministic","5046","557","66.55557096351328","12.47198256484094"
"235","1","1","85","deterministic","6417","583","69.9251318772229","4.7281924445634465"
"238","1","1","90","deterministic","5396","430","49.355311901278284","14.096482043260774"
"240","1","1","90","deterministic","6852","403","45.58182910250664","13.71080007007088"
"241","1","1","95","deterministic","4474","140","19.424853904583333","6.394510126405536"
"243","1","1","95","deterministic","4540","111","12.596952917274331","4.37583980265392"
"242","1","1","95","deterministic","4893","175","20.043699500929335","9.447701025776542"
"245","1","1","100","deterministic","4220","418","48.883763970591716","11.141641913659777"
"244","1","1","95","deterministic","5422","119","15.333622559899005","6.350021082693994"
"247","1","1","100","deterministic","4076","115","12.727844353923281","11.581094851528222"
"246","1","1","100","deterministic","4777","403","45.84516694193565","9.44207349530529"
"248","1","1","100","deterministic","4829","101","12.43415661883957","4.466302001129812"
"249","1","1","105","deterministic","4591","108","13.063495026402755","18.857635518710858"
"250","1","1","105","deterministic","4840","145","15.717586657295008","6.007548076402362"
"251","1","1","105","deterministic","4591","115","14.182859130194874","4.905782183102913"
"252","1","1","105","deterministic","3865","568","67.71616089872238","12.263219200870509"
"253","1","1","110","deterministic","4453","590","70.60359374600418","12.181488622531147"
"255","1","1","110","deterministic","3731","101","10.914852479914586","6.279495454018209"
"254","1","1","110","deterministic","4634","115","11.041362321090801","6.000972585396382"
"256","1","1","110","deterministic","4141","117","13.346644709904583","6.0448447370509655"
"257","1","1","115","deterministic","4762","141","14.478847448644645","9.917353254238968"
"258","1","1","115","deterministic","4247","143","14.72120112855392","9.118670038077775"
"259","1","1","115","deterministic","4451","115","13.260750813494628","5.948883279379967"
"260","1","1","115","deterministic","4025","121","12.074846910275001","8.794745586610986"
"261","1","1","120","deterministic","3363","115","12.360365464169256","10.3362828357557"
"262","1","1","120","deterministic","3609","105","12.54316452575932","8.73102310801963"
"263","1","1","120","deterministic","3769","605","72.68091518622408","14.958701420554043"
"264","1","1","120","deterministic","3841","128","13.252708226856878","3.800473283609883"
"265","1","1","125","deterministic","3717","426","48.78130970749534","16.808817825387834"
"267","1","1","125","deterministic","3444","121","12.025840422357435","11.47771138350882"
"266","1","1","125","deterministic","3734","102","14.488083053560441","4.396972276149787"
"268","1","1","125","deterministic","4698","107","10.274874550419742","3.7575703352094427"
"269","1","1","130","deterministic","3831","448","51.992355891291844","8.06675901951993"
"271","1","1","130","deterministic","3432","570","68.14926450261751","8.316453523457632"
"270","1","1","130","deterministic","3391","456","53.44526660814659","9.542028949700885"
"272","1","1","130","deterministic","4314","447","51.570404770803734","7.555062580630149"
"274","1","1","135","deterministic","3322","103","11.063427144351976","8.412319278499519"
"273","1","1","135","deterministic","4261","418","47.64093651257413","6.6689382128067995"
"275","1","1","135","deterministic","3468","104","13.265700467624269","3.8066241099788036"
"277","1","1","140","deterministic","3192","486","56.80953491641888","7.560681747352196"
"278","1","1","140","deterministic","3551","588","70.30438274109002","2.0395542759173666"
"279","1","1","140","deterministic","3563","118","15.507081848659558","6.7089164070682274"
"276","1","1","135","deterministic","4370","103","10.793941736463704","6.649177010559449"
"280","1","1","140","deterministic","3598","467","54.52516313473329","6.189487849155923"
"281","1","1","145","deterministic","3369","103","11.474568505479429","8.493906240767684"
"282","1","1","145","deterministic","3246","471","55.00113722185863","4.839263588451189"
"285","1","1","150","deterministic","2907","117","17.331829173585533","10.517727499574546"
"284","1","1","145","deterministic","3365","115","15.157472569604014","8.919287515618814"
"283","1","1","145","deterministic","3960","459","53.013993192624525","7.101449879716674"
"286","1","1","150","deterministic","3144","403","46.02842844110855","13.960249736841273"
"288","1","1","150","deterministic","3210","464","54.320264981730446","15.453650401147613"
"290","1","1","155","deterministic","3366","104","11.801741645560865","9.262834833183943"
"292","1","1","155","deterministic","3034","122","13.61483940889023","10.716428647865877"
"289","1","1","155","deterministic","3365","112","10.858015236789832","12.748757411299724"
"291","1","1","155","deterministic","3278","115","13.768700091820083","13.682668604087386"
"287","1","1","150","deterministic","4514","145","14.437227448087746","5.171927621435358"
"295","1","1","160","deterministic","2697","123","12.231874552181608","6.7567041156966505"
"293","1","1","160","deterministic","3191","115","12.080859235032822","6.722300312951387"
"296","1","1","160","deterministic","2981","140","16.256355185296243","11.396749014317253"
"297","1","1","165","deterministic","2736","120","17.620747019671278","13.638106942341082"
"298","1","1","165","deterministic","3291","123","15.341986700038287","12.392216789867549"
"299","1","1","165","deterministic","2682","400","45.62864093647657","10.943668306551702"
"294","1","1","160","deterministic","4402","113","11.944037736012476","8.560556181228495"
"300","1","1","165","deterministic","3022","122","14.364235786325033","13.943259758165226"
"301","1","1","170","deterministic","3690","159","19.723354274211154","24.64296020939783"
"303","1","1","170","deterministic","2725","412","46.94396477427354","5.409080161613164"
"304","1","1","170","deterministic","3144","107","12.023541159988625","16.031816414786736"
"302","1","1","170","deterministic","4327","401","45.126403672639654","5.67995344357993"
"305","1","1","175","deterministic","2859","123","12.860271946848695","14.989661127656323"
"307","1","1","175","deterministic","2588","145","16.84674904498745","5.573778028569854"
"306","1","1","175","deterministic","2899","179","19.480227643706854","25.671280775232926"
"308","1","1","175","deterministic","2754","118","13.996558475407179","5.293728316124613"
"310","1","1","180","deterministic","2426","138","14.354562272611489","5.0037016635814755"
"311","1","1","180","deterministic","2788","115","11.3046532496394","6.628409780274928"
"309","1","1","180","deterministic","3197","122","13.170408254821151","12.421889924132556"
"313","1","1","185","deterministic","2336","115","10.571020219198171","5.750809514575511"
"312","1","1","180","deterministic","3567","555","65.62394845278835","17.543888661095433"
"315","1","1","185","deterministic","2383","400","46.14557810139284","8.52234427697354"
"316","1","1","185","deterministic","2411","102","9.786398083776273","15.52255008679975"
"314","1","1","185","deterministic","2892","117","12.364795572355378","17.783975145649638"
"317","1","1","190","deterministic","2543","401","45.932604078495615","14.269146341014459"
"320","1","1","190","deterministic","2293","140","13.42056985710692","10.090921720710865"
"321","1","1","195","deterministic","2369","115","12.19469862941088","11.64420118131894"
"319","1","1","190","deterministic","2573","102","14.898573196700212","6.910987530938277"
"322","1","1","195","deterministic","2368","101","11.918688450011842","20.459437087249125"
"323","1","1","195","deterministic","2324","146","16.518264175857222","7.656695175098097"
"318","1","1","190","deterministic","3548","111","14.051183341649564","11.609812779632922"
"324","1","1","195","deterministic","2369","461","53.22245499037207","7.545019870390662"
"326","1","1","200","deterministic","2517","107","12.158691290214652","13.259874830708059"
"325","1","1","200","deterministic","2517","106","9.93068982691783","8.120393583722347"
"327","1","1","200","deterministic","2554","445","51.76366612979024","7.962142410286161"
"328","1","1","200","deterministic","2354","117","14.39992742937264","5.289200084667081"
"329","1","1","205","deterministic","2438","111","12.300716881006485","8.435517292144173"
"330","1","1","205","deterministic","2184","104","10.214784586168813","12.006421072249276"
"331","1","1","205","deterministic","2196","130","13.55987281293173","5.195383744336328"
"332","1","1","205","deterministic","2556","127","13.094188386234693","16.072125588069632"
"334","1","1","210","deterministic","2109","113","12.290851698583687","5.316423750108563"
"333","1","1","210","deterministic","2739","131","12.245701410558935","9.838077922273667"
"337","1","1","215","deterministic","1971","116","10.921266636647577","5.146224373900631"
"336","1","1","210","deterministic","2108","117","11.848184176603988","13.336524142453596"
"335","1","1","210","deterministic","2396","116","10.176325479492565","24.11629204158894"
"338","1","1","215","deterministic","2289","101","11.833865168627575","14.225277889233274"
"340","1","1","215","deterministic","2220","102","10.179143157974682","14.15142405079793"
"339","1","1","215","deterministic","2473","101","13.041842041202589","22.22902221674238"
"342","1","1","220","deterministic","2059","139","14.57174226796059","24.657431234680985"
"343","1","1","220","deterministic","2294","133","12.752544000388799","24.77861852491198"
"341","1","1","220","deterministic","2940","115","11.59311235227305","33.096805362166776"
"344","1","1","220","deterministic","2197","104","11.779652364991142","15.541162215837861"
"345","1","1","225","deterministic","2212","115","14.111271707741157","6.965987774936715"
"346","1","1","225","deterministic","2298","102","10.988235934469436","8.667691066639035"
"347","1","1","225","deterministic","2286","101","12.480142465474323","10.109293556343609"
"349","1","1","230","deterministic","1916","104","10.029788829124529","17.23475789373572"
"350","1","1","230","deterministic","1995","117","14.823713114558226","12.05162261974739"
"351","1","1","230","deterministic","2323","146","14.415322259585324","11.911229621976585"
"348","1","1","225","deterministic","2415","123","12.726426811426954","3.764398569047848"
"353","1","1","235","deterministic","2050","102","10.44243481779409","13.471762727909562"
"352","1","1","230","deterministic","2221","120","12.039630422014616","23.965365311029814"
"354","1","1","235","deterministic","2313","101","10.46714142684495","16.45419236521624"
"355","1","1","235","deterministic","2173","167","17.036801637395463","13.67891778729646"
"356","1","1","235","deterministic","2319","441","50.87680664436671","8.344553659386797"
"359","1","1","240","deterministic","2050","102","11.070947994521298","13.165762064406461"
"357","1","1","240","deterministic","2375","115","11.821986171366738","9.85622544109426"
"358","1","1","240","deterministic","2382","120","11.821314991456715","17.274475108081095"
"361","1","1","245","deterministic","2178","115","12.455607902235005","5.951096974318011"
"360","1","1","240","deterministic","2092","103","11.632812388302067","14.629430681063985"
"362","1","1","245","deterministic","2000","101","10.937409750068753","13.017207606560289"
"363","1","1","245","deterministic","2128","133","12.834832022194707","13.574436920596954"
"364","1","1","245","deterministic","1938","111","15.179116237757876","10.340690732011184"
"365","1","1","250","deterministic","2344","472","55.55787007418566","28.86562253542684"
"366","1","1","250","deterministic","1875","401","45.390415801019614","14.675252317451287"
"367","1","1","250","deterministic","2277","115","11.698434028508409","8.891284112684014"
"368","1","1","250","deterministic","1962","110","11.898693442129721","14.160788169679359"
"369","1","1","255","deterministic","1886","103","12.063839964664727","19.710229753200807"
"370","1","1","255","deterministic","2297","105","12.231957673346074","6.523227222711954"
"371","1","1","255","deterministic","2146","117","12.269959345319021","13.803742484709398"
"372","1","1","255","deterministic","2082","101","11.283764875382705","10.799161767591164"
"374","1","1","260","deterministic","1896","115","13.14954714972081","36.55032612613058"
"373","1","1","260","deterministic","1903","120","15.356249268336283","15.119641676252382"
"375","1","1","260","deterministic","1946","414","47.36289838544316","19.42885769763909"
"378","1","1","265","deterministic","1900","102","11.291901816916642","13.48306924219338"
"379","1","1","265","deterministic","1863","106","10.998348549255349","14.531206214465547"
"377","1","1","265","deterministic","2444","152","14.817101404015512","27.44932036184856"
"380","1","1","265","deterministic","2020","113","12.803884925023794","7.721196855760316"
"376","1","1","260","deterministic","2312","115","11.008218198636222","20.946605723116743"
"381","1","1","270","deterministic","2045","101","12.874522805885757","10.558208486291463"
"382","1","1","270","deterministic","1927","104","10.945857708721688","5.818320308677263"
"383","1","1","270","deterministic","1813","137","12.98593487433001","16.56008222241906"
"384","1","1","270","deterministic","1865","120","13.355194602044781","15.598140348434674"
"385","1","1","275","deterministic","2042","101","12.083651326781453","8.892364506116845"
"387","1","1","275","deterministic","1966","104","10.185222048279106","7.717886602342702"
"386","1","1","275","deterministic","2280","409","46.30558877169903","33.383577898469945"
"391","1","1","280","deterministic","1805","132","13.479651288509997","11.853921295696157"
"389","1","1","280","deterministic","1893","119","12.89783383308703","12.808926182892652"
"390","1","1","280","deterministic","1915","113","14.105061899938477","15.580125410881658"
"392","1","1","280","deterministic","1971","115","10.448108181604539","9.93452929943156"
"393","1","1","285","deterministic","2073","105","11.81128712241243","35.74183747884072"
"388","1","1","275","deterministic","2923","102","10.447992565956518","19.12174914440228"
"395","1","1","285","deterministic","1907","102","11.633150903356736","17.135193167805447"
"394","1","1","285","deterministic","2104","125","15.066119483820296","6.3981339067763185"
"396","1","1","285","deterministic","1878","101","9.738302581729709","7.717752424724268"
"397","1","1","290","deterministic","1869","101","11.07143159633749","6.948895109268762"
"399","1","1","290","deterministic","1902","118","12.485510492544025","14.267226416349994"
"398","1","1","290","deterministic","1958","122","12.144626475236635","11.970917868263706"
"400","1","1","290","deterministic","1882","121","11.200772927895239","19.77971840183162"
"401","1","1","295","deterministic","2072","104","13.789756761993162","19.9598457650688"
"402","1","1","295","deterministic","1976","107","12.035431951904151","11.538294984881698"
"404","1","1","295","deterministic","1501","101","11.22431575671553","14.212711507083926"
"403","1","1","295","deterministic","1879","117","12.26495484186278","11.146766626890377"
"405","1","1","300","deterministic","1920","103","11.574069192084256","9.241952097608038"
"406","1","1","300","deterministic","1888","101","13.655093044013046","8.92850353345811"
"407","1","1","300","deterministic","1872","128","13.188295358508348","17.056424483491103"
"408","1","1","300","deterministic","1615","126","12.32337852136202","23.474621392284632"
"411","4","1","50","deterministic","22595","107","8.186460720510812","6.655950429593981"
"410","4","1","50","deterministic","28103","2416","5.984662411198222","5.98160755486166"
"409","4","1","50","deterministic","33524","2737","5.523939844578933","6.1940542712043545"
"412","4","1","50","deterministic","36010","2116","2.6190422482767666","6.611112196105707"
"414","4","1","55","deterministic","25062","1860","5.138377111945395","6.64876239473454"
"417","4","1","60","deterministic","20387","101","10.160017507859141","7.239822674348009"
"415","4","1","55","deterministic","28204","1564","5.407599655088518","6.938669097662609"
"416","4","1","55","deterministic","30276","2022","4.354936102789338","6.811436503428856"
"418","4","1","60","deterministic","26245","2419","5.13124819685396","6.839169137102318"
"420","4","1","60","deterministic","26960","106","6.78709318604726","7.194188183543327"
"419","4","1","60","deterministic","26682","3506","4.906870477061037","7.040386894494034"
"421","4","1","65","deterministic","24365","1777","6.252985713748359","7.269985541815323"
"422","4","1","65","deterministic","27667","101","5.516927618153604","6.88661666153445"
"413","4","1","55","deterministic","37029","2649","8.509761997774532","6.559070490265875"
"423","4","1","65","deterministic","25800","2624","6.159114239539065","7.426731735135536"
"425","4","1","70","deterministic","24088","1306","2.6958463976562363","7.5252325354764675"
"424","4","1","65","deterministic","22351","101","5.823099205586924","6.769421816674935"
"428","4","1","70","deterministic","22268","1072","2.097025512950303","7.413892571798827"
"429","4","1","75","deterministic","27317","2379","7.127100202129611","7.334877155124455"
"427","4","1","70","deterministic","26176","2415","6.872095045074488","7.50132416844925"
"430","4","1","75","deterministic","22184","126","7.290080858442458","7.683639956382997"
"426","4","1","70","deterministic","25902","2025","4.433408238195788","7.142733998666594"
"431","4","1","75","deterministic","31115","1718","5.951376789575942","7.4244442507616775"
"432","4","1","75","deterministic","25758","1707","3.6752071681894805","7.842904300627277"
"435","4","1","80","deterministic","21020","1071","2.968150634174812","7.8399029415457795"
"436","4","1","80","deterministic","19307","106","4.508775302470937","8.166807660915993"
"433","4","1","80","deterministic","21704","101","8.657218054147176","8.369212211696787"
"437","4","1","85","deterministic","20819","1717","3.9270037299536256","8.214137901347561"
"438","4","1","85","deterministic","19764","1072","3.7214575074868996","8.26648845772227"
"439","4","1","85","deterministic","25875","125","5.774904069791649","7.688618064397759"
"434","4","1","80","deterministic","28967","2773","4.946837756224511","8.642210976008633"
"441","4","1","90","deterministic","21655","103","7.7013811926928","6.453460665526691"
"442","4","1","90","deterministic","20952","107","4.169800975302685","9.016886429124527"
"440","4","1","85","deterministic","22066","108","5.014351279643456","8.564780109385561"
"443","4","1","90","deterministic","18640","1569","2.3263119453352203","8.462954480835865"
"444","4","1","90","deterministic","20349","2021","4.238879604436548","8.208867368890047"
"445","4","1","95","deterministic","17369","2383","3.697959970541195","9.040216946855928"
"448","4","1","95","deterministic","16343","114","5.638622815243529","9.185842290643617"
"449","4","1","100","deterministic","16106","1718","3.9155160491412246","8.542245595546293"
"447","4","1","95","deterministic","21320","1766","3.421334804890062","8.522525293369485"
"446","4","1","95","deterministic","21331","1569","2.83570848922054","9.225283648618655"
"451","4","1","100","deterministic","18888","2121","5.506046497588301","9.389406974834458"
"452","4","1","100","deterministic","16108","117","8.780617303715042","9.406242311762472"
"450","4","1","100","deterministic","21772","120","5.666978429930763","9.542170524460401"
"454","4","1","105","deterministic","17836","1717","4.160943712419488","9.264109535311064"
"453","4","1","105","deterministic","18078","107","3.873868879883368","9.04686575400282"
"456","4","1","105","deterministic","14859","138","5.8779753461407225","9.057297339302545"
"455","4","1","105","deterministic","19303","105","7.574402474278834","9.261251396495378"
"457","4","1","110","deterministic","23325","2383","2.1267525170157384","9.327733150222926"
"458","4","1","110","deterministic","23015","1071","1.756132494707451","9.287375678087235"
"459","4","1","110","deterministic","18367","1862","3.3346268790678515","9.813736513464436"
"460","4","1","110","deterministic","22856","1734","2.8607020232562093","10.080062409803746"
"461","4","1","115","deterministic","18157","1071","2.993774945393511","9.908970387144471"
"462","4","1","115","deterministic","21736","123","8.388128358148727","9.10485425202306"
"464","4","1","115","deterministic","18620","104","3.9840954404547038","8.939069821803729"
"463","4","1","115","deterministic","18520","103","3.6962352627241017","9.992165584476785"
"467","4","1","120","deterministic","16209","118","4.410339626203076","9.23772018568781"
"466","4","1","120","deterministic","17881","1734","2.995235744585237","10.004169481964338"
"465","4","1","120","deterministic","19436","123","4.5849848809608","8.876154812377528"
"468","4","1","120","deterministic","19507","125","8.631725828065859","9.606318924012793"
"469","4","1","125","deterministic","15367","2126","3.5376783981363644","9.86033180414989"
"471","4","1","125","deterministic","16169","114","4.399522419627749","10.03710985627723"
"470","4","1","125","deterministic","18248","1734","3.0660005495641585","10.253323806040056"
"472","4","1","125","deterministic","16777","2624","4.664291173402773","9.822677210856359"
"473","4","1","130","deterministic","16329","119","4.454712351252224","10.763091690546071"
"475","4","1","130","deterministic","15933","102","5.880263317900853","9.74329285563427"
"476","4","1","130","deterministic","14898","2116","1.605324557014118","10.459712383100108"
"474","4","1","130","deterministic","19226","1569","4.6998935859203925","10.209793295312425"
"477","4","1","135","deterministic","13200","102","3.7989287159744016","11.84208614804362"
"478","4","1","135","deterministic","12883","114","3.5855640318110424","9.996993617018626"
"479","4","1","135","deterministic","13710","132","3.997546870741413","9.635803399062356"
"480","4","1","135","deterministic","15824","1569","4.4831799358735935","10.624243467319959"
"482","4","1","140","deterministic","13917","107","6.161544375319092","11.295976979635109"
"481","4","1","140","deterministic","16986","1569","3.066596360045878","10.20981560625523"
"485","4","1","145","deterministic","15604","101","2.707532294564455","11.66682968308366"
"483","4","1","140","deterministic","17941","2378","3.6226797145806913","10.685607582874997"
"484","4","1","140","deterministic","21399","104","3.468448291595431","9.856595637401126"
"486","4","1","145","deterministic","14332","2021","3.401936594635586","9.92200309336738"
"489","4","1","150","deterministic","13836","2914","4.248942688847784","11.061446589821102"
"487","4","1","145","deterministic","16483","140","4.1341679998568495","10.660979471914448"
"491","4","1","150","deterministic","13759","103","2.4366662166367217","10.066062441148645"
"488","4","1","145","deterministic","16548","1718","3.456968115425429","10.392630623839976"
"492","4","1","150","deterministic","13025","1766","3.111942168805271","10.941721861081303"
"494","4","1","155","deterministic","12621","1863","4.121247421646952","10.871897081882656"
"490","4","1","150","deterministic","19909","1095","3.065128877383259","11.3067071020499"
"493","4","1","155","deterministic","14602","1722","2.89013243429703","11.174981811863125"
"495","4","1","155","deterministic","14804","115","3.1504769967305215","10.563774702010331"
"496","4","1","155","deterministic","15152","102","8.945808412508846","12.216635388232305"
"497","4","1","160","deterministic","14281","1778","3.0536152926843485","11.348386314522712"
"500","4","1","160","deterministic","12843","106","2.811465611312112","11.757043286584342"
"499","4","1","160","deterministic","12660","117","5.962849648545154","11.212380955999034"
"498","4","1","160","deterministic","16899","1718","2.2791340807751297","11.505224880520394"
"501","4","1","165","deterministic","14283","2692","3.6723035501102146","11.594754645135064"
"502","4","1","165","deterministic","14117","104","7.020117334133891","10.45240861032715"
"503","4","1","165","deterministic","13356","122","3.8809212743857557","11.50326346010657"
"505","4","1","170","deterministic","12437","1778","2.2340132352564908","11.500235449630893"
"504","4","1","165","deterministic","16318","101","6.533679850096522","10.827566907286592"
"506","4","1","170","deterministic","13245","1766","4.323281835159278","11.51218529492308"
"507","4","1","170","deterministic","15244","1071","3.717014762034495","12.13313874127401"
"508","4","1","170","deterministic","14428","1718","3.5663574193010525","11.624910621979994"
"509","4","1","175","deterministic","15410","2550","4.807179650585525","10.646467090197138"
"510","4","1","175","deterministic","13912","106","2.9291182433738125","10.585883445290241"
"512","4","1","175","deterministic","16016","2380","3.944821310934252","12.002162617253342"
"511","4","1","175","deterministic","16715","104","4.528322173390041","11.249167464560287"
"513","4","1","180","deterministic","13986","1778","4.012134618346781","12.00565998224008"
"514","4","1","180","deterministic","13109","107","2.4237153994743856","12.383446584398012"
"515","4","1","180","deterministic","12832","101","4.3208703875006815","12.106549271410884"
"516","4","1","180","deterministic","13162","2027","3.1122711202987183","11.945725524155664"
"517","4","1","185","deterministic","12370","103","4.910232193370046","11.116250443048978"
"518","4","1","185","deterministic","13679","102","4.215558663707849","11.482801275250754"
"519","4","1","185","deterministic","13691","1778","2.401388988003612","12.638383972048542"
"521","4","1","190","deterministic","13371","102","3.8952178885471405","11.940194339121787"
"520","4","1","185","deterministic","15186","102","4.521986989375197","12.011954609146736"
"522","4","1","190","deterministic","12778","1070","3.0446716496368857","13.258169402547619"
"523","4","1","190","deterministic","14636","125","3.666987841915679","12.833995648891607"
"526","4","1","195","deterministic","10862","117","5.041500449985982","10.983438318128846"
"524","4","1","190","deterministic","15371","102","4.344481044943482","10.773017196688425"
"527","4","1","195","deterministic","11485","106","4.415668452817959","12.913463766721575"
"525","4","1","195","deterministic","14044","2387","2.192588380322565","12.16280777210826"
"528","4","1","195","deterministic","13648","111","1.9730316007892146","11.984032332266903"
"530","4","1","200","deterministic","12741","128","3.4930210158372024","11.92587138729831"
"529","4","1","200","deterministic","13524","2018","1.7202410153895507","12.127774348337729"
"531","4","1","200","deterministic","12341","2033","2.24289002581256","13.073795247662238"
"533","4","1","205","deterministic","12002","106","3.631199378332317","11.210716438553549"
"532","4","1","200","deterministic","16476","105","2.2411284120275248","12.599053273204314"
"535","4","1","205","deterministic","12160","101","5.334101116025044","14.471837091763122"
"534","4","1","205","deterministic","12102","105","2.647018656174904","13.167588518658821"
"536","4","1","205","deterministic","12267","1071","3.3516065406406312","13.32228362469761"
"537","4","1","210","deterministic","12724","1861","2.602310029885423","12.42984357279981"
"539","4","1","210","deterministic","13064","101","5.623784994619172","12.705171017703911"
"538","4","1","210","deterministic","16034","1735","2.4485906642275452","13.416139034348143"
"541","4","1","215","deterministic","12020","105","2.3633478386644367","14.210068248437418"
"542","4","1","215","deterministic","13516","105","2.52974965678931","14.965902594761486"
"540","4","1","210","deterministic","16370","101","1.942188355716624","12.375042653396177"
"543","4","1","215","deterministic","13714","101","1.7801409386842213","13.304230323153154"
"545","4","1","220","deterministic","13042","1734","2.8295343831790305","13.021142929947016"
"544","4","1","215","deterministic","14470","105","4.161359854020615","12.558980826931698"
"547","4","1","220","deterministic","12174","138","3.281266397261657","12.654354331148344"
"546","4","1","220","deterministic","13922","106","4.280348926525948","11.913794260781206"
"548","4","1","220","deterministic","13679","102","1.775726502093672","11.864776054737996"
"549","4","1","225","deterministic","14397","1717","2.5618973189580956","13.435876275748246"
"552","4","1","225","deterministic","10629","109","2.3631084351161835","11.437369765373576"
"550","4","1","225","deterministic","12181","101","3.6962159832752395","12.855358680203272"
"551","4","1","225","deterministic","11886","111","4.069531486007186","12.243953042402547"
"554","4","1","230","deterministic","10574","107","3.88648456398505","12.100686838172075"
"553","4","1","230","deterministic","12489","1068","1.9900921149834048","14.252958830439091"
"555","4","1","230","deterministic","12421","1766","3.6407236135629617","13.669898615227844"
"557","4","1","235","deterministic","11406","106","5.322020905619002","12.700890285415218"
"558","4","1","235","deterministic","11317","101","2.0051022818570665","12.613980967918003"
"560","4","1","235","deterministic","11611","1766","2.0133145318450545","13.779401797124398"
"559","4","1","235","deterministic","13258","102","5.21435571003418","13.648502569072589"
"556","4","1","230","deterministic","16527","130","2.668740736190996","14.067428511284119"
"562","4","1","240","deterministic","11717","102","3.227432384640757","12.303771046776642"
"561","4","1","240","deterministic","12776","1717","2.984373322854431","13.991608873161637"
"563","4","1","240","deterministic","11345","117","4.182589024190587","15.361535299298966"
"564","4","1","240","deterministic","13728","119","2.112082445269859","15.044673759933254"
"566","4","1","245","deterministic","11859","1734","2.7223147037825157","13.623008332702168"
"565","4","1","245","deterministic","12456","109","4.100138431054917","14.525694541685791"
"567","4","1","245","deterministic","11430","103","3.4419012806771807","14.839181506341527"
"568","4","1","245","deterministic","11523","106","3.5941527320720574","15.28845305566293"
"569","4","1","250","deterministic","12113","1863","2.647209468392944","14.631693444027974"
"572","4","1","250","deterministic","10632","101","1.7247355399247049","16.868415512026985"
"573","4","1","255","deterministic","10859","101","1.3394665315456695","14.883633682549135"
"571","4","1","250","deterministic","11626","114","2.0203209197103824","15.27459360256387"
"574","4","1","255","deterministic","11676","114","5.4358127853028755","13.209616923749126"
"575","4","1","255","deterministic","12821","109","6.459413199397822","12.772312209330206"
"570","4","1","250","deterministic","15007","113","1.9627530131901807","15.36622404183906"
"576","4","1","255","deterministic","13633","103","1.2049106947642638","13.935384590123054"
"578","4","1","260","deterministic","12278","101","3.720950707814728","14.075340873626844"
"577","4","1","260","deterministic","12769","1840","4.553735955066799","13.837644943732213"
"579","4","1","260","deterministic","10529","101","1.5063445942836093","16.118842474982056"
"580","4","1","260","deterministic","12266","104","4.97729840660994","13.344934887516503"
"581","4","1","265","deterministic","12587","101","4.8490735008694195","13.257022071377973"
"583","4","1","265","deterministic","11434","122","2.4461640780729503","12.39413834629555"
"584","4","1","265","deterministic","12028","1778","2.5597504729859466","13.359610616059024"
"585","4","1","270","deterministic","10194","101","1.3878730421402405","14.080648113134176"
"582","4","1","265","deterministic","12055","101","2.1183333686425367","16.424661893358962"
"586","4","1","270","deterministic","12124","117","4.293156488250421","14.358768495955621"
"587","4","1","270","deterministic","11808","1684","4.751304736503791","14.695612721001588"
"591","4","1","275","deterministic","10389","1718","2.0037231588582216","14.20066276645721"
"589","4","1","275","deterministic","10709","103","1.38410236758547","16.271669407312412"
"588","4","1","270","deterministic","13619","107","1.7116683506916939","13.236556912381836"
"590","4","1","275","deterministic","11727","140","2.191396138191191","14.476443523348795"
"592","4","1","275","deterministic","11332","1095","1.978942904724903","13.727069546522273"
"594","4","1","280","deterministic","9816","119","4.225909300755701","14.848449476025856"
"596","4","1","280","deterministic","10635","134","2.541627900233955","16.717229463834"
"595","4","1","280","deterministic","11263","117","2.299592031888306","13.695800536044787"
"593","4","1","280","deterministic","12994","132","2.6017447597900976","14.480123600277594"
"597","4","1","285","deterministic","11688","101","4.075232965650343","15.615640417249711"
"598","4","1","285","deterministic","11503","114","2.4122065622523454","14.627169844897997"
"599","4","1","285","deterministic","10531","101","4.396216356075172","15.351713955877441"
"600","4","1","285","deterministic","9651","123","2.62980910892294","15.460901674399905"
"601","4","1","290","deterministic","11077","101","4.492524931995051","16.517290993872997"
"603","4","1","290","deterministic","10512","108","5.714113158895557","15.713632719593607"
"602","4","1","290","deterministic","10881","1734","2.4232648315215357","14.692000049230224"
"605","4","1","295","deterministic","10959","115","4.715353158778356","16.16181586396084"
"604","4","1","290","deterministic","12790","118","1.6905836817702031","13.428303843898242"
"606","4","1","295","deterministic","11531","106","1.3973050993866547","14.970286032735409"
"607","4","1","295","deterministic","11440","123","2.073420220354244","18.38803890227047"
"609","4","1","300","deterministic","9291","111","1.7891707212028773","16.156447753576238"
"608","4","1","295","deterministic","11830","108","3.0256825285322115","15.307117037282467"
"610","4","1","300","deterministic","11693","103","4.0711392123872923","13.057348912890284"
"611","4","1","300","deterministic","11479","110","1.8157415773637377","14.614015324683972"
"612","4","1","300","deterministic","10753","101","2.7295217353662366","14.202912423942349"
